<?xml version="1.0" encoding="UTF-8"?>
<beans xmlns="http://www.springframework.org/schema/beans"
	xmlns:xsi="http://www.w3.org/2001/XMLSchema-instance"
	xmlns:webflow="http://www.springframework.org/schema/webflow-config"
	xmlns:faces="http://www.springframework.org/schema/faces"
	xsi:schemaLocation="
           http://www.springframework.org/schema/beans
           http://www.springframework.org/schema/beans/spring-beans-2.5.xsd
           http://www.springframework.org/schema/webflow-config
           http://www.springframework.org/schema/webflow-config/spring-webflow-config-2.0.xsd
           http://www.springframework.org/schema/faces
           http://www.springframework.org/schema/faces/spring-faces-2.0.xsd">

	<!--Executes flows: the central entry point into the Spring Web Flow system-->
	<webflow:flow-executor id="flowExecutor">
		<webflow:flow-execution-listeners>
			<webflow:listener ref="jpaFlowExecutionListener" />

		</webflow:flow-execution-listeners>
	</webflow:flow-executor>

	<!-- The registry of executable flow definitions -->
	<webflow:flow-registry id="flowRegistry"
	flow-builder-services="facesFlowBuilderServices">
		<webflow:flow-location path="/WEB-INF/flows/testFlow/testFlow.xml"></webflow:flow-location>
	</webflow:flow-registry>

	<!-- Configures the Spring Web Flow JSF integration -->
	<faces:flow-builder-services id="facesFlowBuilderServices"
	development="true" />

	<!--
		Installs a listener that manages JPA persistence contexts for flows
		that require them
	-->
	<bean id="jpaFlowExecutionListener"
	class="org.springframework.webflow.persistence.JpaFlowExecutionListener">
		<constructor-arg ref="entityManagerFactory" />
		<constructor-arg ref="transactionManager" />
	</bean>

	<!-- Maps request URIs to controllers -->
	<bean
	class="org.springframework.web.servlet.handler.SimpleUrlHandlerMapping">

		<property name="mappings">

			<value>
				/testFlow=flowController
			</value>
		</property>
		<property name="defaultHandler">
			<!--
				Selects view names to render based on the request URI: e.g. /main
				selects "main"
			-->
			<bean
	class="org.springframework.web.servlet.mvc.UrlFilenameViewController" />
		</property>
	</bean>

	<!-- Handles requests mapped to the Spring Web Flow system -->
	<bean id="flowController"
	class="org.springframework.webflow.mvc.servlet.FlowController">
		<property name="flowExecutor" ref="flowExecutor" />
		
	</bean>

</beans>
