<?xml version="1.0" encoding="UTF-8"?>
<beans xmlns="http://www.springframework.org/schema/beans"
	xmlns:xsi="http://www.w3.org/2001/XMLSchema-instance" xmlns:flow="http://www.springframework.org/schema/webflow-config"
	xsi:schemaLocation="http://www.springframework.org/schema/webflow-config
http://www.springframework.org/schema/webflow-config/spring-webflow-config-2.4.xsd
http://www.springframework.org/schema/beans
http://www.springframework.org/schema/beans/spring-beans-3.0.xsd">

	<bean class="org.springframework.webflow.mvc.servlet.FlowHandlerMapping">
		<property name="flowRegistry" ref="bookSearchFlowRegistry" />
	</bean>

	<bean class="org.springframework.webflow.mvc.servlet.FlowHandlerAdapter">
		<property name="flowExecutor" ref="bookSearchFlowExecutor" />
	</bean>

	<flow:flow-executor id="bookSearchFlowExecutor" flow-registry="bookSearchFlowRegistry" />

	<flow:flow-registry id="bookSearchFlowRegistry">
		<flow:flow-location id="bookSearchFlow" path="/flows/book-search-flow.xml" />
	</flow:flow-registry>

</beans>
		